{
  "num_test_cases": 65,
  "num_valid_cases": 60,
  "mrr": 0.8283333333333334,
  "recall": {
    "recall@1": 0.8166666666666667,
    "recall@3": 0.8166666666666667,
    "recall@5": 0.8666666666666667
  },
  "precision": {
    "precision@1": 0.8166666666666667,
    "precision@3": 0.8166666666666667,
    "precision@5": 0.8666666666666667
  }
}